"2021-02-26 07:14:00",3
"2021-02-26 07:15:00",1
"2021-02-26 07:16:00",3
"2021-02-26 07:17:00",3
"2021-02-26 07:18:00",3
"2021-02-26 07:19:00",5
"2021-02-26 07:20:00",5
"2021-02-26 07:21:00",5
"2021-02-26 07:22:00",7
"2021-02-26 07:23:00",7
"2021-02-26 07:24:00",9
"2021-02-26 07:25:00",11
"2021-02-26 07:26:00",13
"2021-02-26 07:27:00",14
"2021-02-26 07:28:00",13
"2021-02-26 07:29:00",13
"2021-02-26 07:30:00",17
"2021-02-26 07:31:00",19
"2021-02-26 07:32:00",21
"2021-02-26 07:33:00",20
"2021-02-26 07:34:00",20
"2021-02-26 07:35:00",22
"2021-02-26 07:36:00",23
"2021-02-26 07:37:00",27
"2021-02-26 07:38:00",27
"2021-02-26 07:39:00",27
"2021-02-26 07:40:00",32
"2021-02-26 07:41:00",31
"2021-02-26 07:42:00",33
"2021-02-26 07:43:00",34
"2021-02-26 07:44:00",35
"2021-02-26 07:45:00",37
"2021-02-26 07:46:00",37
"2021-02-26 07:47:00",40
"2021-02-26 07:48:00",38
"2021-02-26 07:49:00",43
"2021-02-26 07:50:00",42
"2021-02-26 07:51:00",44
"2021-02-26 07:52:00",48
"2021-02-26 07:53:00",46
"2021-02-26 07:54:00",48
"2021-02-26 07:55:00",49
"2021-02-26 07:56:00",52
"2021-02-26 07:57:00",56
"2021-02-26 07:58:00",54
"2021-02-26 07:59:00",54
"2021-02-26 08:00:00",55
"2021-02-26 08:01:00",58
"2021-02-26 08:02:00",59
"2021-02-26 08:03:00",56
"2021-02-26 08:04:00",59
"2021-02-26 08:05:00",59
"2021-02-26 08:06:00",58
"2021-02-26 08:07:00",59
"2021-02-26 08:08:00",61
"2021-02-26 08:09:00",64
"2021-02-26 08:10:00",64
"2021-02-26 08:11:00",65
"2021-02-26 08:12:00",66
"2021-02-26 08:13:00",66
"2021-02-26 08:14:00",67
"2021-02-26 08:15:00",72
"2021-02-26 08:16:00",72
"2021-02-26 08:17:00",73
"2021-02-26 08:18:00",79
"2021-02-26 08:19:00",82
"2021-02-26 08:20:00",86
"2021-02-26 08:21:00",90
"2021-02-26 08:22:00",94
"2021-02-26 08:23:00",98
"2021-02-26 08:24:00",101
"2021-02-26 08:25:00",105
"2021-02-26 08:26:00",109
"2021-02-26 08:27:00",111
"2021-02-26 08:28:00",112
"2021-02-26 08:29:00",118
"2021-02-26 08:30:00",121
"2021-02-26 08:31:00",124
"2021-02-26 08:32:00",128
"2021-02-26 08:33:00",134
"2021-02-26 08:34:00",136
"2021-02-26 08:35:00",138
"2021-02-26 08:36:00",141
"2021-02-26 08:37:00",145
"2021-02-26 08:38:00",149
"2021-02-26 08:39:00",154
"2021-02-26 08:40:00",157
"2021-02-26 08:41:00",161
"2021-02-26 08:42:00",167
"2021-02-26 08:43:00",167
"2021-02-26 08:44:00",171
"2021-02-26 08:45:00",172
"2021-02-26 08:46:00",176
"2021-02-26 08:47:00",183
"2021-02-26 08:48:00",187
"2021-02-26 08:49:00",189
"2021-02-26 08:50:00",196
"2021-02-26 08:51:00",197
"2021-02-26 08:52:00",201
"2021-02-26 08:53:00",203
"2021-02-26 08:54:00",210
"2021-02-26 08:55:00",214
"2021-02-26 08:56:00",219
"2021-02-26 08:57:00",220
"2021-02-26 08:58:00",225
"2021-02-26 08:59:00",230
"2021-02-26 09:00:00",236
"2021-02-26 09:01:00",239
"2021-02-26 09:02:00",243
"2021-02-26 09:03:00",245
"2021-02-26 09:04:00",253
"2021-02-26 09:05:00",254
"2021-02-26 09:06:00",259
"2021-02-26 09:07:00",263
"2021-02-26 09:08:00",267
"2021-02-26 09:09:00",269
"2021-02-26 09:10:00",275
"2021-02-26 09:11:00",282
"2021-02-26 09:12:00",286
"2021-02-26 09:13:00",286
"2021-02-26 09:14:00",292
"2021-02-26 09:15:00",296
"2021-02-26 09:16:00",298
"2021-02-26 09:17:00",301
"2021-02-26 09:18:00",304
"2021-02-26 09:19:00",311
"2021-02-26 09:20:00",310
"2021-02-26 09:21:00",319
"2021-02-26 09:22:00",323
"2021-02-26 09:23:00",327
"2021-02-26 09:24:00",330
"2021-02-26 09:25:00",334
"2021-02-26 09:26:00",339
"2021-02-26 09:27:00",342
"2021-02-26 09:28:00",344
"2021-02-26 09:29:00",347
"2021-02-26 09:30:00",350
"2021-02-26 09:31:00",355
"2021-02-26 09:32:00",361
"2021-02-26 09:33:00",368
"2021-02-26 09:34:00",372
"2021-02-26 09:35:00",377
"2021-02-26 09:36:00",379
"2021-02-26 09:37:00",381
"2021-02-26 09:38:00",386
"2021-02-26 09:39:00",391
"2021-02-26 09:40:00",396
"2021-02-26 09:41:00",401
"2021-02-26 09:42:00",404
"2021-02-26 09:43:00",407
"2021-02-26 09:44:00",411
"2021-02-26 09:45:00",416
"2021-02-26 09:46:00",418
"2021-02-26 09:47:00",426
"2021-02-26 09:48:00",425
"2021-02-26 09:49:00",430
"2021-02-26 09:50:00",430
"2021-02-26 09:51:00",438
"2021-02-26 09:52:00",442
"2021-02-26 09:53:00",445
"2021-02-26 09:54:00",451
"2021-02-26 09:55:00",455
"2021-02-26 09:56:00",459
"2021-02-26 09:57:00",461
"2021-02-26 09:58:00",465
"2021-02-26 09:59:00",467
"2021-02-26 10:00:00",473
"2021-02-26 10:01:00",477
"2021-02-26 10:02:00",481
"2021-02-26 10:03:00",488
"2021-02-26 10:04:00",489
"2021-02-26 10:05:00",493
"2021-02-26 10:06:00",499
"2021-02-26 10:07:00",505
"2021-02-26 10:08:00",510
"2021-02-26 10:09:00",509
"2021-02-26 10:10:00",517
"2021-02-26 10:11:00",526
"2021-02-26 10:12:00",531
"2021-02-26 10:13:00",529
"2021-02-26 10:14:00",532
"2021-02-26 10:15:00",530
"2021-02-26 10:16:00",533
"2021-02-26 10:17:00",542
"2021-02-26 10:18:00",542
"2021-02-26 10:19:00",552
"2021-02-26 10:20:00",559
"2021-02-26 10:21:00",557
"2021-02-26 10:22:00",566
"2021-02-26 10:23:00",574
"2021-02-26 10:24:00",568
"2021-02-26 10:25:00",582
"2021-02-26 10:26:00",581
"2021-02-26 10:27:00",586
"2021-02-26 10:28:00",591
"2021-02-26 10:29:00",591
"2021-02-26 10:30:00",599
"2021-02-26 10:31:00",604
"2021-02-26 10:32:00",612
"2021-02-26 10:33:00",610
"2021-02-26 10:34:00",610
"2021-02-26 10:35:00",619
"2021-02-26 10:36:00",616
"2021-02-26 10:37:00",627
"2021-02-26 10:38:00",644
"2021-02-26 10:39:00",647
"2021-02-26 10:40:00",637
"2021-02-26 10:41:00",634
"2021-02-26 10:42:00",684
"2021-02-26 10:43:00",294
"2021-02-26 10:44:00",659
"2021-02-26 10:45:00",680
"2021-02-26 10:46:00",639
"2021-02-26 10:47:00",709
"2021-02-26 10:48:00",248
"2021-02-26 10:49:00",416
"2021-02-26 10:50:00",571
"2021-02-26 10:51:00",194
"2021-02-26 10:52:00",603
"2021-02-26 10:53:00",676
"2021-02-26 10:54:00",703
"2021-02-26 10:55:00",697
"2021-02-26 10:56:00",717
"2021-02-26 10:57:00",726
"2021-02-26 10:58:00",741
"2021-02-26 10:59:00",733
"2021-02-26 11:00:00",730
"2021-02-26 11:01:00",745
"2021-02-26 11:02:00",753
"2021-02-26 11:03:00",747
"2021-02-26 11:04:00",727
"2021-02-26 11:05:00",724
"2021-02-26 11:06:00",766
"2021-02-26 11:07:00",769
"2021-02-26 11:08:00",769
"2021-02-26 11:09:00",782
"2021-02-26 11:10:00",780
"2021-02-26 11:11:00",783
"2021-02-26 11:12:00",789
"2021-02-26 11:13:00",786
"2021-02-26 11:14:00",790
"2021-02-26 11:15:00",791
"2021-02-26 11:16:00",776
"2021-02-26 11:17:00",801
"2021-02-26 11:18:00",817
"2021-02-26 11:19:00",827
"2021-02-26 11:20:00",830
"2021-02-26 11:21:00",814
"2021-02-26 11:22:00",800
"2021-02-26 11:23:00",706
"2021-02-26 11:24:00",714
"2021-02-26 11:25:00",736
"2021-02-26 11:26:00",821
"2021-02-26 11:27:00",835
"2021-02-26 11:28:00",850
"2021-02-26 11:29:00",806
"2021-02-26 11:30:00",548
"2021-02-26 11:31:00",469
"2021-02-26 11:32:00",843
"2021-02-26 11:33:00",873
"2021-02-26 11:34:00",860
"2021-02-26 11:35:00",561
"2021-02-26 11:36:00",384
"2021-02-26 11:37:00",458
"2021-02-26 11:38:00",850
"2021-02-26 11:39:00",387
"2021-02-26 11:40:00",852
"2021-02-26 11:41:00",798
"2021-02-26 11:42:00",790
"2021-02-26 11:43:00",822
"2021-02-26 11:44:00",811
"2021-02-26 11:45:00",847
"2021-02-26 11:46:00",824
"2021-02-26 11:47:00",846
"2021-02-26 11:48:00",852
"2021-02-26 11:49:00",848
"2021-02-26 11:50:00",869
"2021-02-26 11:51:00",866
"2021-02-26 11:52:00",875
"2021-02-26 11:53:00",864
"2021-02-26 11:54:00",880
"2021-02-26 11:55:00",904
"2021-02-26 11:56:00",891
"2021-02-26 11:57:00",903
"2021-02-26 11:58:00",896
"2021-02-26 11:59:00",866
"2021-02-26 12:00:00",940
"2021-02-26 12:01:00",917
"2021-02-26 12:02:00",816
"2021-02-26 12:03:00",654
"2021-02-26 12:04:00",870
"2021-02-26 12:05:00",871
"2021-02-26 12:06:00",893
"2021-02-26 12:07:00",911
"2021-02-26 12:08:00",925
"2021-02-26 12:09:00",922
"2021-02-26 12:10:00",889
"2021-02-26 12:11:00",871
"2021-02-26 12:12:00",883
"2021-02-26 12:13:00",877
"2021-02-26 12:14:00",952
"2021-02-26 12:15:00",948
"2021-02-26 12:16:00",936
"2021-02-26 12:17:00",947
"2021-02-26 12:18:00",940
"2021-02-26 12:19:00",929
"2021-02-26 12:20:00",878
"2021-02-26 12:21:00",896
"2021-02-26 12:22:00",913
"2021-02-26 12:23:00",881
"2021-02-26 12:24:00",904
"2021-02-26 12:25:00",912
"2021-02-26 12:26:00",922
"2021-02-26 12:27:00",932
"2021-02-26 12:28:00",926
"2021-02-26 12:29:00",960
"2021-02-26 12:30:00",980
"2021-02-26 12:31:00",990
"2021-02-26 12:32:00",1005
"2021-02-26 12:33:00",987
"2021-02-26 12:34:00",934
"2021-02-26 12:35:00",972
"2021-02-26 12:36:00",945
"2021-02-26 12:37:00",965
"2021-02-26 12:38:00",934
"2021-02-26 12:39:00",952
"2021-02-26 12:40:00",981
"2021-02-26 12:41:00",985
"2021-02-26 12:42:00",974
"2021-02-26 12:43:00",957
"2021-02-26 12:44:00",938
"2021-02-26 12:45:00",949
"2021-02-26 12:46:00",938
"2021-02-26 12:47:00",958
"2021-02-26 12:48:00",952
"2021-02-26 12:49:00",952
"2021-02-26 12:50:00",982
"2021-02-26 12:51:00",595
"2021-02-26 12:52:00",953
"2021-02-26 12:53:00",877
"2021-02-26 12:54:00",998
"2021-02-26 12:55:00",629
"2021-02-26 12:56:00",938
"2021-02-26 12:57:00",994
"2021-02-26 12:58:00",1009
"2021-02-26 12:59:00",1014
"2021-02-26 13:00:00",1011
"2021-02-26 13:01:00",982
"2021-02-26 13:02:00",973
"2021-02-26 13:03:00",777
"2021-02-26 13:04:00",969
"2021-02-26 13:05:00",968
"2021-02-26 13:06:00",970
"2021-02-26 13:07:00",983
"2021-02-26 13:08:00",992
"2021-02-26 13:09:00",987
"2021-02-26 13:10:00",994
"2021-02-26 13:11:00",985
"2021-02-26 13:12:00",999
"2021-02-26 13:13:00",990
"2021-02-26 13:14:00",1002
"2021-02-26 13:15:00",1005
"2021-02-26 13:16:00",996
"2021-02-26 13:17:00",993
"2021-02-26 13:18:00",983
"2021-02-26 13:19:00",986
"2021-02-26 13:20:00",976
"2021-02-26 13:21:00",970
"2021-02-26 13:22:00",979
"2021-02-26 13:23:00",989
"2021-02-26 13:24:00",993
"2021-02-26 13:25:00",1001
"2021-02-26 13:26:00",993
"2021-02-26 13:27:00",989
"2021-02-26 13:28:00",994
"2021-02-26 13:29:00",991
"2021-02-26 13:30:00",990
"2021-02-26 13:31:00",1000
"2021-02-26 13:32:00",994
"2021-02-26 13:33:00",999
"2021-02-26 13:34:00",1001
"2021-02-26 13:35:00",1003
"2021-02-26 13:36:00",997
"2021-02-26 13:37:00",998
"2021-02-26 13:38:00",1002
"2021-02-26 13:39:00",991
"2021-02-26 13:40:00",986
"2021-02-26 13:41:00",993
"2021-02-26 13:42:00",991
"2021-02-26 13:43:00",987
"2021-02-26 13:44:00",993
"2021-02-26 13:45:00",995
"2021-02-26 13:46:00",995
"2021-02-26 13:47:00",1002
"2021-02-26 13:48:00",1003
"2021-02-26 13:49:00",1002
"2021-02-26 13:50:00",1003
"2021-02-26 13:51:00",997
"2021-02-26 13:52:00",1004
"2021-02-26 13:53:00",1001
"2021-02-26 13:54:00",994
"2021-02-26 13:55:00",983
"2021-02-26 13:56:00",987
"2021-02-26 13:57:00",978
"2021-02-26 13:58:00",982
"2021-02-26 13:59:00",984
"2021-02-26 14:00:00",987
"2021-02-26 14:01:00",988
"2021-02-26 14:02:00",987
"2021-02-26 14:03:00",976
"2021-02-26 14:04:00",981
"2021-02-26 14:05:00",993
"2021-02-26 14:06:00",985
"2021-02-26 14:07:00",997
"2021-02-26 14:08:00",996
"2021-02-26 14:09:00",993
"2021-02-26 14:10:00",997
"2021-02-26 14:11:00",990
"2021-02-26 14:12:00",1000
"2021-02-26 14:13:00",998
"2021-02-26 14:14:00",994
"2021-02-26 14:15:00",997
"2021-02-26 14:16:00",993
"2021-02-26 14:17:00",991
"2021-02-26 14:18:00",976
"2021-02-26 14:19:00",984
"2021-02-26 14:20:00",976
"2021-02-26 14:21:00",978
"2021-02-26 14:22:00",986
"2021-02-26 14:23:00",981
"2021-02-26 14:24:00",974
"2021-02-26 14:25:00",971
"2021-02-26 14:26:00",972
"2021-02-26 14:27:00",972
"2021-02-26 14:28:00",978
"2021-02-26 14:29:00",972
"2021-02-26 14:30:00",961
"2021-02-26 14:31:00",966
"2021-02-26 14:32:00",965
"2021-02-26 14:33:00",963
"2021-02-26 14:34:00",959
"2021-02-26 14:35:00",967
"2021-02-26 14:36:00",961
"2021-02-26 14:37:00",953
"2021-02-26 14:38:00",957
"2021-02-26 14:39:00",962
"2021-02-26 14:40:00",971
"2021-02-26 14:41:00",964
"2021-02-26 14:42:00",959
"2021-02-26 14:43:00",955
"2021-02-26 14:44:00",963
"2021-02-26 14:45:00",960
"2021-02-26 14:46:00",945
"2021-02-26 14:47:00",947
"2021-02-26 14:48:00",943
"2021-02-26 14:49:00",948
"2021-02-26 14:50:00",948
"2021-02-26 14:51:00",937
"2021-02-26 14:52:00",944
"2021-02-26 14:53:00",947
"2021-02-26 14:54:00",945
"2021-02-26 14:55:00",944
"2021-02-26 14:56:00",941
"2021-02-26 14:57:00",934
"2021-02-26 14:58:00",944
"2021-02-26 14:59:00",939
"2021-02-26 15:00:00",937
"2021-02-26 15:01:00",933
"2021-02-26 15:02:00",937
"2021-02-26 15:03:00",934
"2021-02-26 15:04:00",933
"2021-02-26 15:05:00",936
"2021-02-26 15:06:00",920
"2021-02-26 15:07:00",922
"2021-02-26 15:08:00",929
"2021-02-26 15:09:00",928
"2021-02-26 15:10:00",912
"2021-02-26 15:11:00",901
"2021-02-26 15:12:00",909
"2021-02-26 15:13:00",910
"2021-02-26 15:14:00",904
"2021-02-26 15:15:00",907
"2021-02-26 15:16:00",915
"2021-02-26 15:17:00",904
"2021-02-26 15:18:00",904
"2021-02-26 15:19:00",911
"2021-02-26 15:20:00",899
"2021-02-26 15:21:00",897
"2021-02-26 15:22:00",887
"2021-02-26 15:23:00",895
"2021-02-26 15:24:00",887
"2021-02-26 15:25:00",886
"2021-02-26 15:26:00",890
"2021-02-26 15:27:00",888
"2021-02-26 15:28:00",876
"2021-02-26 15:29:00",876
"2021-02-26 15:30:00",872
"2021-02-26 15:31:00",873
"2021-02-26 15:32:00",875
"2021-02-26 15:33:00",873
"2021-02-26 15:34:00",857
"2021-02-26 15:35:00",865
"2021-02-26 15:36:00",861
"2021-02-26 15:37:00",860
"2021-02-26 15:38:00",862
"2021-02-26 15:39:00",853
"2021-02-26 15:40:00",855
"2021-02-26 15:41:00",849
"2021-02-26 15:42:00",843
"2021-02-26 15:43:00",839
"2021-02-26 15:44:00",839
"2021-02-26 15:45:00",833
"2021-02-26 15:46:00",831
"2021-02-26 15:47:00",832
"2021-02-26 15:48:00",827
"2021-02-26 15:49:00",826
"2021-02-26 15:50:00",827
"2021-02-26 15:51:00",819
"2021-02-26 15:52:00",823
"2021-02-26 15:53:00",820
"2021-02-26 15:54:00",822
"2021-02-26 15:55:00",823
"2021-02-26 15:56:00",825
"2021-02-26 15:57:00",825
"2021-02-26 15:58:00",819
"2021-02-26 15:59:00",808
"2021-02-26 16:00:00",802
"2021-02-26 16:01:00",807
"2021-02-26 16:02:00",808
"2021-02-26 16:03:00",798
"2021-02-26 16:04:00",794
"2021-02-26 16:05:00",795
"2021-02-26 16:06:00",791
"2021-02-26 16:07:00",780
"2021-02-26 16:08:00",769
"2021-02-26 16:09:00",765
"2021-02-26 16:10:00",759
"2021-02-26 16:11:00",763
"2021-02-26 16:12:00",754
"2021-02-26 16:13:00",757
"2021-02-26 16:14:00",753
"2021-02-26 16:15:00",749
"2021-02-26 16:16:00",742
"2021-02-26 16:17:00",737
"2021-02-26 16:18:00",731
"2021-02-26 16:19:00",727
"2021-02-26 16:20:00",722
"2021-02-26 16:21:00",719
"2021-02-26 16:22:00",712
"2021-02-26 16:23:00",711
"2021-02-26 16:24:00",712
"2021-02-26 16:25:00",706
"2021-02-26 16:26:00",696
"2021-02-26 16:27:00",689
"2021-02-26 16:28:00",687
"2021-02-26 16:29:00",682
"2021-02-26 16:30:00",678
"2021-02-26 16:31:00",674
"2021-02-26 16:32:00",676
"2021-02-26 16:33:00",678
"2021-02-26 16:34:00",670
"2021-02-26 16:35:00",664
"2021-02-26 16:36:00",668
"2021-02-26 16:37:00",663
"2021-02-26 16:38:00",660
"2021-02-26 16:39:00",657
"2021-02-26 16:40:00",658
"2021-02-26 16:41:00",654
"2021-02-26 16:42:00",652
"2021-02-26 16:43:00",650
"2021-02-26 16:44:00",647
"2021-02-26 16:45:00",643
"2021-02-26 16:46:00",645
"2021-02-26 16:47:00",635
"2021-02-26 16:48:00",632
"2021-02-26 16:49:00",631
"2021-02-26 16:50:00",632
"2021-02-26 16:51:00",622
"2021-02-26 16:52:00",619
"2021-02-26 16:53:00",614
"2021-02-26 16:54:00",613
"2021-02-26 16:55:00",600
"2021-02-26 16:56:00",599
"2021-02-26 16:57:00",590
"2021-02-26 16:58:00",586
"2021-02-26 16:59:00",571
"2021-02-26 17:00:00",569
"2021-02-26 17:01:00",565
"2021-02-26 17:02:00",567
"2021-02-26 17:03:00",552
"2021-02-26 17:04:00",542
"2021-02-26 17:05:00",543
"2021-02-26 17:06:00",541
"2021-02-26 17:07:00",541
"2021-02-26 17:08:00",523
"2021-02-26 17:09:00",503
"2021-02-26 17:10:00",502
"2021-02-26 17:11:00",509
"2021-02-26 17:12:00",513
"2021-02-26 17:13:00",511
"2021-02-26 17:14:00",510
"2021-02-26 17:15:00",511
"2021-02-26 17:16:00",507
"2021-02-26 17:17:00",500
"2021-02-26 17:18:00",484
"2021-02-26 17:19:00",457
"2021-02-26 17:20:00",450
"2021-02-26 17:21:00",453
"2021-02-26 17:22:00",461
"2021-02-26 17:23:00",471
"2021-02-26 17:24:00",468
"2021-02-26 17:25:00",464
"2021-02-26 17:26:00",441
"2021-02-26 17:27:00",446
"2021-02-26 17:28:00",444
"2021-02-26 17:29:00",436
"2021-02-26 17:30:00",436
"2021-02-26 17:31:00",434
"2021-02-26 17:32:00",431
"2021-02-26 17:33:00",416
"2021-02-26 17:34:00",424
"2021-02-26 17:35:00",419
"2021-02-26 17:36:00",420
"2021-02-26 17:37:00",410
"2021-02-26 17:38:00",399
"2021-02-26 17:39:00",396
"2021-02-26 17:40:00",405
"2021-02-26 17:41:00",402
"2021-02-26 17:42:00",390
"2021-02-26 17:43:00",389
"2021-02-26 17:44:00",387
"2021-02-26 17:45:00",384
"2021-02-26 17:46:00",376
"2021-02-26 17:47:00",374
"2021-02-26 17:48:00",371
"2021-02-26 17:49:00",371
"2021-02-26 17:50:00",369
"2021-02-26 17:51:00",364
"2021-02-26 17:52:00",356
"2021-02-26 17:53:00",358
"2021-02-26 17:54:00",353
"2021-02-26 17:55:00",350
"2021-02-26 17:56:00",338
"2021-02-26 17:57:00",341
"2021-02-26 17:58:00",330
"2021-02-26 17:59:00",326
"2021-02-26 18:00:00",321
"2021-02-26 18:01:00",319
"2021-02-26 18:02:00",313
"2021-02-26 18:03:00",307
"2021-02-26 18:04:00",306
"2021-02-26 18:05:00",306
"2021-02-26 18:06:00",300
"2021-02-26 18:07:00",293
"2021-02-26 18:08:00",276
"2021-02-26 18:09:00",269
"2021-02-26 18:10:00",269
"2021-02-26 18:11:00",261
"2021-02-26 18:12:00",262
"2021-02-26 18:13:00",268
"2021-02-26 18:14:00",259
"2021-02-26 18:15:00",260
"2021-02-26 18:16:00",258
"2021-02-26 18:17:00",250
"2021-02-26 18:18:00",243
"2021-02-26 18:19:00",244
"2021-02-26 18:20:00",245
"2021-02-26 18:21:00",241
"2021-02-26 18:22:00",228
"2021-02-26 18:23:00",223
"2021-02-26 18:24:00",218
"2021-02-26 18:25:00",214
"2021-02-26 18:26:00",209
"2021-02-26 18:27:00",201
"2021-02-26 18:28:00",197
"2021-02-26 18:29:00",187
"2021-02-26 18:30:00",184
"2021-02-26 18:31:00",178
"2021-02-26 18:32:00",172
"2021-02-26 18:33:00",167
"2021-02-26 18:34:00",161
"2021-02-26 18:35:00",157
"2021-02-26 18:36:00",155
"2021-02-26 18:37:00",148
"2021-02-26 18:38:00",144
"2021-02-26 18:39:00",143
"2021-02-26 18:40:00",142
"2021-02-26 18:41:00",138
"2021-02-26 18:42:00",133
"2021-02-26 18:43:00",129
"2021-02-26 18:44:00",121
"2021-02-26 18:45:00",120
"2021-02-26 18:46:00",114
"2021-02-26 18:47:00",107
"2021-02-26 18:48:00",100
"2021-02-26 18:49:00",94
"2021-02-26 18:50:00",92
"2021-02-26 18:51:00",89
"2021-02-26 18:52:00",84
"2021-02-26 18:53:00",78
"2021-02-26 18:54:00",73
"2021-02-26 18:55:00",67
"2021-02-26 18:56:00",65
"2021-02-26 18:57:00",61
"2021-02-26 18:58:00",57
"2021-02-26 18:59:00",51
"2021-02-26 19:00:00",50
"2021-02-26 19:01:00",44
"2021-02-26 19:02:00",39
"2021-02-26 19:03:00",35
"2021-02-26 19:04:00",31
"2021-02-26 19:05:00",26
"2021-02-26 19:06:00",26
"2021-02-26 19:07:00",20
"2021-02-26 19:08:00",19
"2021-02-26 19:09:00",14
"2021-02-26 19:10:00",12
"2021-02-26 19:11:00",12
"2021-02-26 19:12:00",7
"2021-02-26 19:13:00",5
"2021-02-26 19:14:00",3
"2021-02-26 19:15:00",0
